Date,Close/Last,Volume,Open,High,Low
12/31/2024,$403.84 ,76825120,$423.79 ,$427.93 ,$402.54 
12/30/2024,$417.41 ,64941010,$419.40 ,$427.00 ,$415.75 
12/27/2024,$431.66 ,82666820,$449.52 ,$450.00 ,$426.50 
12/26/2024,$454.13 ,76651210,$465.16 ,$465.33 ,$451.02 
12/24/2024,$462.28 ,59551750,$435.90 ,$462.78 ,$435.14 
12/23/2024,$430.60 ,72698060,$431.00 ,$434.51 ,$415.41 
12/20/2024,$421.06 ,132216200,$425.51 ,$447.08 ,$417.64 
12/19/2024,$436.17 ,118566100,$451.88 ,$456.36 ,$420.02 
12/18/2024,$440.13 ,149340800,$466.50 ,$488.54 ,$427.01 
12/17/2024,$479.86 ,131223000,$475.90 ,$483.99 ,$457.51 
12/16/2024,$463.02 ,114083800,$441.09 ,$463.19 ,$436.15 
12/13/2024,$436.23 ,89000160,$420.00 ,$436.30 ,$415.71 
12/12/2024,$418.10 ,87752230,$424.84 ,$429.30 ,$415.00 
12/11/2024,$424.77 ,104287600,$409.70 ,$424.88 ,$402.38 
12/10/2024,$400.99 ,97563580,$392.68 ,$409.73 ,$390.85 
12/9/2024,$389.79 ,96359170,$397.61 ,$404.80 ,$378.01 
12/6/2024,$389.22 ,81455830,$377.42 ,$389.49 ,$370.80 
12/5/2024,$369.49 ,81403570,$359.87 ,$375.43 ,$359.50 
12/4/2024,$357.93 ,50810870,$353.00 ,$358.10 ,$348.60 
12/3/2024,$351.42 ,58267200,$351.80 ,$355.69 ,$348.20 
12/2/2024,$357.09 ,77986480,$352.38 ,$360.00 ,$351.15 
11/29/2024,$345.16 ,37167620,$336.08 ,$345.45 ,$334.65 
11/27/2024,$332.89 ,57896440,$341.80 ,$342.55 ,$326.59 
11/26/2024,$338.23 ,62295860,$341.00 ,$346.96 ,$335.66 
11/25/2024,$338.59 ,95890900,$360.14 ,$361.93 ,$338.20 
11/22/2024,$352.56 ,89140720,$341.09 ,$361.53 ,$337.70 
11/21/2024,$339.64 ,58011720,$343.81 ,$347.99 ,$335.28 
11/20/2024,$342.03 ,66340650,$345.00 ,$346.60 ,$334.30 
11/19/2024,$346.00 ,88852450,$335.76 ,$347.38 ,$332.75 
11/18/2024,$338.74 ,126547500,$340.73 ,$348.55 ,$330.01 
11/15/2024,$320.72 ,114440300,$310.57 ,$324.68 ,$309.22 
11/14/2024,$311.18 ,120726100,$327.69 ,$329.98 ,$310.37 
11/13/2024,$330.24 ,125405600,$335.85 ,$344.60 ,$322.50 
11/12/2024,$328.49 ,155726000,$342.74 ,$345.84 ,$323.31 
11/11/2024,$350.00 ,210521600,$346.30 ,$358.64 ,$336.00 
11/8/2024,$321.22 ,204782800,$299.14 ,$328.71 ,$297.66 
11/7/2024,$296.91 ,117309200,$288.89 ,$299.75 ,$285.52 
11/6/2024,$288.53 ,165228700,$284.67 ,$289.59 ,$275.62 
11/5/2024,$251.44 ,69282510,$247.34 ,$255.28 ,$246.21 
11/4/2024,$242.84 ,68802350,$244.56 ,$248.90 ,$238.88 
11/1/2024,$248.98 ,57544760,$252.04 ,$254.00 ,$246.63 
10/31/2024,$249.85 ,66575290,$257.99 ,$259.75 ,$249.25 
10/30/2024,$257.55 ,53993580,$258.04 ,$263.35 ,$255.82 
10/29/2024,$259.52 ,80521750,$264.51 ,$264.98 ,$255.51 
10/28/2024,$262.51 ,107653600,$270.00 ,$273.54 ,$262.24 
10/25/2024,$269.19 ,161611900,$256.01 ,$269.49 ,$255.32 
10/24/2024,$260.48 ,204491900,$244.68 ,$262.12 ,$242.65 
10/23/2024,$213.65 ,80938890,$217.13 ,$218.72 ,$212.11 
10/22/2024,$217.97 ,43268740,$217.31 ,$218.22 ,$215.26 
10/21/2024,$218.85 ,47328990,$218.90 ,$220.48 ,$215.73 
10/18/2024,$220.70 ,49611870,$220.71 ,$222.28 ,$219.23 
10/17/2024,$220.89 ,50791780,$221.59 ,$222.08 ,$217.90 
10/16/2024,$221.33 ,49632820,$221.40 ,$222.82 ,$218.93 
10/15/2024,$219.57 ,62988790,$220.01 ,$224.26 ,$217.12 
10/14/2024,$219.16 ,86291920,$220.13 ,$221.91 ,$213.74 
10/11/2024,$217.80 ,142628900,$220.13 ,$223.34 ,$214.38 
10/10/2024,$238.77 ,83087060,$241.81 ,$242.79 ,$232.34 
10/9/2024,$241.05 ,66289530,$243.82 ,$247.43 ,$239.51 
10/8/2024,$244.50 ,56303160,$243.56 ,$246.21 ,$240.56 
10/7/2024,$240.83 ,68113270,$249.00 ,$249.83 ,$240.70 
10/4/2024,$250.08 ,86726290,$246.69 ,$250.96 ,$244.58 
10/3/2024,$240.66 ,80729240,$244.48 ,$249.79 ,$237.81 
10/2/2024,$249.02 ,93983930,$247.55 ,$251.16 ,$241.50 
10/1/2024,$258.02 ,87397610,$262.67 ,$263.98 ,$248.53 
9/30/2024,$261.63 ,80873380,$259.04 ,$264.86 ,$255.77 
9/27/2024,$260.46 ,70988070,$257.38 ,$260.70 ,$254.12 
9/26/2024,$254.22 ,67142190,$260.60 ,$261.75 ,$251.53 
9/25/2024,$257.02 ,65034320,$252.54 ,$257.05 ,$252.28 
9/24/2024,$254.27 ,88491000,$254.08 ,$257.19 ,$249.05 
9/23/2024,$250.00 ,86927190,$242.61 ,$250.00 ,$241.92 
9/20/2024,$238.25 ,99879070,$241.52 ,$243.99 ,$235.92 
9/19/2024,$243.92 ,102694600,$234.00 ,$244.24 ,$232.13 
9/18/2024,$227.20 ,78010200,$230.09 ,$235.68 ,$226.88 
9/17/2024,$227.87 ,66761640,$229.45 ,$234.57 ,$226.55 
9/16/2024,$226.78 ,54323000,$229.30 ,$229.96 ,$223.53 
9/13/2024,$230.29 ,59515110,$228.00 ,$232.67 ,$226.32 
9/12/2024,$229.81 ,72020040,$224.66 ,$231.45 ,$223.83 
9/11/2024,$228.13 ,83548630,$224.55 ,$228.47 ,$216.80 
9/10/2024,$226.17 ,78891140,$220.07 ,$226.40 ,$218.64 
9/9/2024,$216.27 ,67443520,$216.20 ,$219.87 ,$213.67 
9/6/2024,$210.73 ,112177000,$232.60 ,$233.60 ,$210.51 
9/5/2024,$230.17 ,119355000,$223.49 ,$235.00 ,$222.25 
9/4/2024,$219.41 ,80651770,$210.59 ,$222.22 ,$210.57 
9/3/2024,$210.60 ,76714220,$215.26 ,$219.90 ,$209.64 
8/30/2024,$214.11 ,63370610,$208.63 ,$214.57 ,$207.03 
8/29/2024,$206.28 ,62308820,$209.80 ,$214.89 ,$205.97 
8/28/2024,$205.75 ,64116350,$209.72 ,$211.84 ,$202.59 
8/27/2024,$209.21 ,62821390,$213.25 ,$215.66 ,$206.94 
8/26/2024,$213.21 ,59301190,$218.75 ,$219.09 ,$211.01 
8/23/2024,$220.32 ,81525210,$214.46 ,$221.48 ,$214.21 
8/22/2024,$210.66 ,79514480,$223.82 ,$224.80 ,$210.32 
8/21/2024,$223.27 ,70145960,$222.67 ,$224.66 ,$218.86 
8/20/2024,$221.10 ,74001180,$224.88 ,$228.22 ,$219.56 
8/19/2024,$222.72 ,76435220,$217.07 ,$222.98 ,$214.09 
8/16/2024,$216.12 ,88765120,$211.15 ,$219.80 ,$210.80 
8/15/2024,$214.14 ,89848530,$205.02 ,$215.88 ,$204.82 
8/14/2024,$201.38 ,70250010,$207.39 ,$208.44 ,$198.75 
8/13/2024,$207.83 ,76247390,$198.47 ,$208.49 ,$197.06 
8/12/2024,$197.49 ,64044900,$199.02 ,$199.26 ,$194.67 
8/9/2024,$200.00 ,58648270,$197.05 ,$200.88 ,$195.11 
8/8/2024,$198.84 ,65033870,$195.70 ,$200.70 ,$192.04 
8/7/2024,$191.76 ,71159780,$200.77 ,$203.49 ,$191.48 
8/6/2024,$200.64 ,73783940,$200.75 ,$202.90 ,$192.67 
8/5/2024,$198.88 ,100308800,$185.22 ,$203.88 ,$182.00 
8/2/2024,$207.67 ,82880120,$214.88 ,$216.13 ,$205.78 
8/1/2024,$216.86 ,83861900,$227.69 ,$231.87 ,$214.33 
7/31/2024,$232.07 ,67497010,$227.90 ,$234.68 ,$226.79 
7/30/2024,$222.62 ,100560300,$232.25 ,$232.41 ,$220.00 
7/29/2024,$232.10 ,129201800,$224.90 ,$234.27 ,$224.70 
7/26/2024,$219.80 ,94604150,$221.19 ,$222.28 ,$215.33 
7/25/2024,$220.25 ,100636500,$216.80 ,$226.00 ,$216.23 
7/24/2024,$215.99 ,167942900,$225.42 ,$225.99 ,$214.71 
7/23/2024,$246.38 ,111928200,$253.60 ,$255.76 ,$245.63 
7/22/2024,$251.51 ,101225400,$244.21 ,$253.21 ,$243.75 
7/19/2024,$239.20 ,87403900,$247.79 ,$249.44 ,$236.83 
7/18/2024,$249.23 ,110869000,$251.09 ,$257.14 ,$247.20 
7/17/2024,$248.50 ,115584800,$252.73 ,$258.47 ,$246.18 
7/16/2024,$256.56 ,126332500,$255.31 ,$258.62 ,$245.80 
7/15/2024,$252.64 ,146912900,$255.97 ,$265.60 ,$251.73 
7/12/2024,$248.23 ,155955800,$235.80 ,$251.84 ,$233.09 
7/11/2024,$241.03 ,221707300,$263.30 ,$271.00 ,$239.65 
7/10/2024,$263.26 ,128519400,$262.80 ,$267.59 ,$257.86 
7/9/2024,$262.33 ,160742500,$251.00 ,$265.61 ,$250.30 
7/8/2024,$252.94 ,157219600,$247.71 ,$259.44 ,$244.57 
7/5/2024,$251.52 ,154501200,$249.81 ,$252.37 ,$242.46 
7/3/2024,$246.39 ,166561500,$234.56 ,$248.35 ,$234.25 
7/2/2024,$231.26 ,205047900,$218.89 ,$231.30 ,$218.06 
7/1/2024,$209.86 ,135691400,$201.02 ,$213.23 ,$200.85 
6/28/2024,$197.88 ,95438070,$199.55 ,$203.20 ,$195.26 
6/27/2024,$197.42 ,72746520,$195.17 ,$198.72 ,$194.05 
6/26/2024,$196.37 ,95737070,$186.54 ,$197.76 ,$186.36 
6/25/2024,$187.35 ,63678270,$184.40 ,$187.97 ,$182.01 
6/24/2024,$182.58 ,61992070,$184.97 ,$188.80 ,$182.55 
6/21/2024,$183.01 ,63029480,$182.30 ,$183.95 ,$180.69 
6/20/2024,$181.57 ,55893140,$184.68 ,$185.21 ,$179.66 
6/18/2024,$184.86 ,68982270,$186.56 ,$187.20 ,$182.37 
6/17/2024,$187.44 ,109786100,$177.92 ,$188.81 ,$177.00 
6/14/2024,$178.01 ,82038190,$185.80 ,$186.00 ,$176.92 
6/13/2024,$182.47 ,118984100,$188.39 ,$191.08 ,$181.23 
6/12/2024,$177.29 ,90389450,$171.12 ,$180.55 ,$169.80 
6/11/2024,$170.66 ,64761930,$173.92 ,$174.75 ,$167.41 
6/10/2024,$173.79 ,50869680,$176.06 ,$178.57 ,$173.17 
6/7/2024,$177.48 ,56244930,$176.13 ,$179.35 ,$175.58 
6/6/2024,$177.94 ,69887020,$174.60 ,$179.73 ,$172.73 
6/5/2024,$175.00 ,57953760,$175.35 ,$176.15 ,$172.13 
6/4/2024,$174.77 ,60056340,$174.78 ,$177.76 ,$174.00 
6/3/2024,$176.29 ,68568920,$178.13 ,$182.64 ,$174.49 
5/31/2024,$178.08 ,67314600,$178.50 ,$180.32 ,$173.82 
5/30/2024,$178.79 ,77784760,$178.58 ,$182.67 ,$175.38 
5/29/2024,$176.19 ,54782650,$174.19 ,$178.15 ,$173.93 
5/28/2024,$176.75 ,59736620,$176.40 ,$178.25 ,$173.16 
5/24/2024,$179.24 ,65584480,$174.84 ,$180.08 ,$173.73 
5/23/2024,$173.74 ,71975500,$181.80 ,$181.90 ,$173.26 
5/22/2024,$180.11 ,88313480,$182.85 ,$183.80 ,$178.12 
5/21/2024,$186.60 ,115266500,$175.51 ,$186.88 ,$174.71 
5/20/2024,$174.95 ,61727430,$177.56 ,$177.75 ,$173.52 
5/17/2024,$177.46 ,77445850,$173.55 ,$179.63 ,$172.75 
5/16/2024,$174.84 ,59812220,$174.10 ,$175.79 ,$171.43 
5/15/2024,$173.99 ,79662990,$179.90 ,$180.00 ,$173.11 
5/14/2024,$177.55 ,86407420,$174.50 ,$179.49 ,$174.07 
5/13/2024,$171.89 ,67018900,$170.00 ,$175.40 ,$169.00 
5/10/2024,$168.47 ,72627180,$173.05 ,$173.06 ,$167.75 
5/9/2024,$171.97 ,65950290,$175.01 ,$175.62 ,$171.37 
5/8/2024,$174.72 ,79969490,$171.59 ,$176.06 ,$170.15 
5/7/2024,$177.81 ,75045850,$182.40 ,$183.26 ,$177.40 
5/6/2024,$184.76 ,84390250,$183.80 ,$187.56 ,$182.20 
5/3/2024,$181.19 ,75491540,$182.10 ,$184.78 ,$178.42 
5/2/2024,$180.01 ,89148040,$182.86 ,$184.60 ,$176.02 
5/1/2024,$179.99 ,92829720,$182.00 ,$185.86 ,$179.01 
4/30/2024,$183.28 ,127031800,$186.98 ,$190.95 ,$182.84 
4/29/2024,$194.05 ,243869700,$188.42 ,$198.87 ,$184.54 
4/26/2024,$168.29 ,109815700,$168.85 ,$172.12 ,$166.37 
4/25/2024,$170.18 ,126427500,$158.96 ,$170.88 ,$158.36 
4/24/2024,$162.13 ,181178000,$162.84 ,$167.97 ,$157.51 
4/23/2024,$144.68 ,124545100,$143.33 ,$147.26 ,$141.11 
4/22/2024,$142.05 ,107097600,$140.56 ,$144.44 ,$138.80 
4/19/2024,$147.05 ,87074500,$148.97 ,$150.94 ,$146.22 
4/18/2024,$149.93 ,96098830,$151.25 ,$152.20 ,$148.70 
4/17/2024,$155.45 ,82439720,$157.64 ,$158.33 ,$153.78 
4/16/2024,$157.11 ,96999960,$156.74 ,$158.19 ,$153.75 
4/15/2024,$161.48 ,100245300,$170.24 ,$170.69 ,$161.38 
4/12/2024,$171.05 ,64722670,$172.34 ,$173.81 ,$170.36 
4/11/2024,$174.60 ,94515990,$172.55 ,$175.88 ,$168.51 
4/10/2024,$171.76 ,84532410,$173.04 ,$174.93 ,$170.01 
4/9/2024,$176.88 ,103232700,$172.91 ,$179.22 ,$171.92 
4/8/2024,$172.98 ,104423300,$169.34 ,$174.50 ,$167.79 
4/5/2024,$164.90 ,143157600,$169.08 ,$170.86 ,$160.51 
4/4/2024,$171.11 ,123162000,$170.07 ,$177.19 ,$168.01 
4/3/2024,$168.38 ,82950140,$164.02 ,$168.82 ,$163.28 
4/2/2024,$166.63 ,116650600,$164.75 ,$167.69 ,$163.43 
4/1/2024,$175.22 ,81562130,$176.17 ,$176.75 ,$170.21 
3/28/2024,$175.79 ,77654840,$177.45 ,$179.57 ,$175.30 
3/27/2024,$179.83 ,81804040,$181.41 ,$181.91 ,$176.00 
3/26/2024,$177.67 ,113186200,$178.58 ,$184.25 ,$177.38 
3/25/2024,$172.63 ,74228620,$168.76 ,$175.24 ,$168.73 
3/22/2024,$170.83 ,75580640,$166.69 ,$171.20 ,$166.30 
3/21/2024,$172.82 ,73178010,$176.39 ,$178.18 ,$171.80 
3/20/2024,$175.66 ,83846730,$173.00 ,$176.25 ,$170.82 
3/19/2024,$171.32 ,77271430,$172.36 ,$172.82 ,$167.42 
3/18/2024,$173.80 ,108214400,$170.02 ,$174.72 ,$165.90 
3/15/2024,$163.57 ,97146830,$163.16 ,$165.18 ,$160.76 
3/14/2024,$162.50 ,126325700,$167.77 ,$171.17 ,$160.51 
3/13/2024,$169.48 ,106524500,$173.05 ,$176.05 ,$169.15 
3/12/2024,$177.54 ,87391680,$177.77 ,$179.43 ,$172.41 
3/11/2024,$177.77 ,85391530,$175.45 ,$182.87 ,$174.80 
3/8/2024,$175.34 ,85544640,$181.50 ,$182.73 ,$174.70 
3/7/2024,$178.65 ,102129000,$174.35 ,$180.04 ,$173.70 
3/6/2024,$176.54 ,107920900,$179.99 ,$181.58 ,$173.70 
3/5/2024,$180.74 ,119660800,$183.05 ,$184.59 ,$177.57 
3/4/2024,$188.14 ,134334900,$198.73 ,$199.75 ,$186.72 
3/1/2024,$202.64 ,82243120,$200.52 ,$204.52 ,$198.50 
2/29/2024,$201.88 ,85906970,$204.18 ,$205.28 ,$198.45 
2/28/2024,$202.04 ,99806170,$200.42 ,$205.30 ,$198.44 
2/27/2024,$199.73 ,108645400,$204.04 ,$205.60 ,$198.26 
2/26/2024,$199.40 ,111747100,$192.29 ,$201.78 ,$192.00 
2/23/2024,$191.97 ,78841920,$195.31 ,$197.57 ,$191.50 
2/22/2024,$197.41 ,92739460,$194.00 ,$198.32 ,$191.36 
2/21/2024,$194.77 ,103844000,$193.36 ,$199.44 ,$191.95 
2/20/2024,$193.76 ,104545800,$196.13 ,$198.60 ,$189.13 
2/16/2024,$199.95 ,111346700,$202.06 ,$203.17 ,$197.40 
2/15/2024,$200.45 ,120831800,$189.16 ,$200.88 ,$188.86 
2/14/2024,$188.71 ,81202990,$185.30 ,$188.89 ,$183.35 
2/13/2024,$184.02 ,86759480,$183.99 ,$187.26 ,$182.11 
2/12/2024,$188.13 ,95498600,$192.11 ,$194.73 ,$187.28 
2/9/2024,$193.57 ,84476350,$190.18 ,$194.12 ,$189.48 
2/8/2024,$189.56 ,83034040,$189.00 ,$191.62 ,$185.58 
2/7/2024,$187.58 ,111535200,$188.18 ,$189.79 ,$182.68 
2/6/2024,$185.10 ,122676000,$177.21 ,$186.49 ,$177.11 
2/5/2024,$181.06 ,134294400,$184.26 ,$184.68 ,$175.01 
2/2/2024,$187.91 ,110612700,$185.04 ,$188.69 ,$182.00 
2/1/2024,$188.86 ,91843280,$188.50 ,$189.88 ,$184.28 
1/31/2024,$187.29 ,103221400,$187.00 ,$193.97 ,$185.85 
1/30/2024,$191.59 ,109982300,$195.33 ,$196.36 ,$190.61 
1/29/2024,$190.93 ,125013100,$185.63 ,$191.48 ,$183.67 
1/26/2024,$183.25 ,107343200,$185.50 ,$186.78 ,$182.10 
1/25/2024,$182.63 ,198076800,$189.70 ,$193.00 ,$180.06 
1/24/2024,$207.83 ,123369900,$211.88 ,$212.73 ,$206.77 
1/23/2024,$209.14 ,106605900,$211.30 ,$215.65 ,$207.75 
1/22/2024,$208.80 ,117952500,$212.26 ,$217.80 ,$206.27 
1/19/2024,$212.19 ,102260300,$209.99 ,$213.19 ,$207.56 
1/18/2024,$211.88 ,108595400,$216.88 ,$217.45 ,$208.74 
1/17/2024,$215.55 ,103164400,$214.86 ,$215.67 ,$212.01 
1/16/2024,$219.91 ,115355000,$215.10 ,$223.49 ,$212.18 
1/12/2024,$218.89 ,123043800,$220.08 ,$225.34 ,$217.15 
1/11/2024,$227.22 ,105873600,$230.57 ,$230.93 ,$225.37 
1/10/2024,$233.94 ,91628500,$235.10 ,$235.50 ,$231.29 
1/9/2024,$234.96 ,96705660,$238.11 ,$238.96 ,$232.04 
1/8/2024,$240.45 ,85166580,$236.14 ,$241.25 ,$235.30 
1/5/2024,$237.49 ,92488940,$236.86 ,$240.12 ,$234.90 
1/4/2024,$237.93 ,102629300,$239.25 ,$242.70 ,$237.73 
1/3/2024,$238.45 ,121082600,$244.98 ,$245.68 ,$236.32 
1/2/2024,$248.42 ,104654200,$250.08 ,$251.25 ,$244.41 
12/29/2023,$248.48 ,100891600,$255.10 ,$255.19 ,$247.43 
12/28/2023,$253.18 ,113619900,$263.66 ,$265.13 ,$252.71 
12/27/2023,$261.44 ,106494400,$258.35 ,$263.34 ,$257.52 
12/26/2023,$256.61 ,86892380,$254.49 ,$257.97 ,$252.91 
12/22/2023,$252.54 ,93370090,$256.76 ,$258.22 ,$251.37 
12/21/2023,$254.50 ,109594200,$251.90 ,$254.80 ,$248.55 
12/20/2023,$247.14 ,125097000,$256.41 ,$259.84 ,$247.00 
12/19/2023,$257.22 ,106737400,$253.48 ,$258.34 ,$253.01 
12/18/2023,$252.08 ,116416500,$253.78 ,$258.74 ,$251.36 
12/15/2023,$253.50 ,135932800,$251.21 ,$254.13 ,$248.30 
12/14/2023,$251.05 ,160829200,$241.22 ,$253.88 ,$240.79 
12/13/2023,$239.29 ,146286300,$234.19 ,$240.30 ,$228.20 
12/12/2023,$237.01 ,95328310,$238.55 ,$238.99 ,$233.87 
12/11/2023,$239.74 ,97913890,$242.74 ,$243.44 ,$237.45 
12/8/2023,$243.84 ,103126800,$240.27 ,$245.27 ,$239.27 
12/7/2023,$242.64 ,107142300,$241.55 ,$244.08 ,$236.98 
12/6/2023,$239.37 ,126436200,$242.92 ,$246.57 ,$239.17 
12/5/2023,$238.72 ,137971100,$233.87 ,$246.66 ,$233.70 
12/4/2023,$235.58 ,104099800,$235.75 ,$239.37 ,$233.29 
12/1/2023,$238.83 ,121331700,$233.14 ,$240.19 ,$231.90 
11/30/2023,$240.08 ,132353200,$245.14 ,$245.22 ,$236.91 
11/29/2023,$244.14 ,135401300,$249.21 ,$252.75 ,$242.76 
11/28/2023,$246.72 ,148549900,$236.68 ,$247.00 ,$234.01 
11/27/2023,$236.08 ,112031800,$236.89 ,$238.33 ,$232.10 
11/24/2023,$235.45 ,65125200,$233.75 ,$238.75 ,$232.33 
11/22/2023,$234.21 ,118117100,$242.04 ,$244.01 ,$231.40 
11/21/2023,$241.20 ,122288000,$235.04 ,$243.62 ,$233.34 
11/20/2023,$235.60 ,116562400,$234.04 ,$237.10 ,$231.02 
11/17/2023,$234.30 ,142766200,$232.00 ,$237.39 ,$226.54 
11/16/2023,$233.59 ,136816800,$239.49 ,$240.88 ,$230.96 
11/15/2023,$242.84 ,150354000,$239.29 ,$246.70 ,$236.45 
11/14/2023,$237.41 ,149771600,$235.03 ,$238.14 ,$230.72 
11/13/2023,$223.71 ,140447600,$215.60 ,$225.40 ,$211.61 
11/10/2023,$214.65 ,131310100,$210.03 ,$215.38 ,$205.69 
11/9/2023,$209.98 ,142110500,$219.75 ,$220.80 ,$206.68 
11/8/2023,$222.11 ,106584800,$223.15 ,$224.15 ,$217.64 
11/7/2023,$222.18 ,116900100,$219.98 ,$223.12 ,$215.72 
11/6/2023,$219.27 ,117335800,$223.98 ,$226.32 ,$215.00 
11/3/2023,$219.96 ,119534800,$221.15 ,$226.37 ,$218.40 
11/2/2023,$218.51 ,125987600,$212.97 ,$219.20 ,$211.45 
11/1/2023,$205.66 ,121661700,$204.04 ,$205.99 ,$197.85 
10/31/2023,$200.84 ,118068300,$196.12 ,$202.80 ,$194.07 
10/30/2023,$197.36 ,136448200,$209.28 ,$210.88 ,$194.67 
10/27/2023,$207.30 ,94881170,$210.60 ,$212.41 ,$205.77 
10/26/2023,$205.76 ,115112600,$211.32 ,$214.80 ,$204.88 
10/25/2023,$212.42 ,107065100,$215.88 ,$220.10 ,$212.20 
10/24/2023,$216.52 ,118231100,$216.50 ,$222.05 ,$214.11 
10/23/2023,$212.08 ,150683400,$210.00 ,$216.98 ,$202.51 
10/20/2023,$211.99 ,138010100,$217.01 ,$218.86 ,$210.42 
10/19/2023,$220.11 ,170772700,$225.95 ,$230.61 ,$216.78 
10/18/2023,$242.68 ,125147800,$252.70 ,$254.63 ,$242.08 
10/17/2023,$254.85 ,93562910,$250.10 ,$257.18 ,$247.08 
10/16/2023,$253.92 ,88917180,$250.05 ,$255.40 ,$248.48 
10/13/2023,$251.12 ,102296800,$258.90 ,$259.60 ,$250.22 
10/12/2023,$258.87 ,111508100,$262.92 ,$265.41 ,$256.63 
10/11/2023,$262.99 ,103706300,$266.20 ,$268.60 ,$260.90 
10/10/2023,$263.62 ,122656000,$257.75 ,$268.94 ,$257.65 
10/9/2023,$259.67 ,101377900,$255.31 ,$261.36 ,$252.05 
10/6/2023,$260.53 ,118121800,$253.98 ,$261.65 ,$250.65 
10/5/2023,$260.05 ,119159200,$260.00 ,$263.60 ,$256.25 
10/4/2023,$261.16 ,129721600,$248.14 ,$261.86 ,$247.60 
10/3/2023,$246.53 ,101985300,$248.61 ,$250.02 ,$244.45 
10/2/2023,$251.60 ,123810400,$244.81 ,$254.28 ,$242.62 
9/29/2023,$250.22 ,128522700,$250.00 ,$254.77 ,$246.35 
9/28/2023,$246.38 ,117058900,$240.02 ,$247.55 ,$238.65 
9/27/2023,$240.50 ,136597200,$244.26 ,$245.33 ,$234.58 
9/26/2023,$244.12 ,101993600,$242.98 ,$249.55 ,$241.66 
9/25/2023,$246.99 ,104636600,$243.38 ,$247.10 ,$238.31 
9/22/2023,$244.88 ,127524100,$257.40 ,$257.79 ,$244.48 
9/21/2023,$255.70 ,119951500,$257.85 ,$260.86 ,$254.21 
9/20/2023,$262.59 ,122514600,$267.04 ,$273.93 ,$262.46 
9/19/2023,$266.50 ,103704000,$264.35 ,$267.85 ,$261.20 
9/18/2023,$265.28 ,101543300,$271.16 ,$271.44 ,$263.76 
9/15/2023,$274.39 ,133692300,$277.55 ,$278.98 ,$271.00 
9/14/2023,$276.04 ,107709800,$271.32 ,$276.71 ,$270.42 
9/13/2023,$271.30 ,111673700,$270.07 ,$274.98 ,$268.10 
9/12/2023,$267.48 ,135999900,$270.76 ,$278.39 ,$266.60 
9/11/2023,$273.58 ,174667900,$264.27 ,$274.85 ,$260.61 
9/8/2023,$248.50 ,118559600,$251.22 ,$256.52 ,$246.67 
9/7/2023,$251.49 ,115312900,$245.07 ,$252.81 ,$243.27 
9/6/2023,$251.92 ,116959800,$255.14 ,$255.39 ,$245.06 
9/5/2023,$256.49 ,129469600,$245.00 ,$258.00 ,$244.86 
9/1/2023,$245.01 ,132541600,$257.26 ,$259.08 ,$242.01 
8/31/2023,$258.08 ,108861700,$255.98 ,$261.18 ,$255.05 
8/30/2023,$256.90 ,121988400,$254.20 ,$260.51 ,$250.59 
8/29/2023,$257.18 ,134047600,$238.58 ,$257.48 ,$237.77 
8/28/2023,$238.82 ,107673700,$242.58 ,$244.38 ,$235.35 
8/25/2023,$238.59 ,106612200,$231.31 ,$239.00 ,$230.35 
8/24/2023,$230.04 ,99777430,$238.66 ,$238.92 ,$228.18 
8/23/2023,$236.86 ,101077600,$229.34 ,$238.98 ,$229.29 
8/22/2023,$233.19 ,130597900,$240.25 ,$240.82 ,$229.55 
8/21/2023,$231.28 ,135702700,$221.55 ,$232.13 ,$220.58 
8/18/2023,$215.49 ,136276600,$214.12 ,$217.58 ,$212.36 
8/17/2023,$219.22 ,120718400,$226.06 ,$226.74 ,$218.83 
8/16/2023,$225.60 ,112484500,$228.02 ,$233.97 ,$225.38 
8/15/2023,$232.96 ,88197600,$238.73 ,$240.50 ,$232.61 
8/14/2023,$239.76 ,98595330,$235.70 ,$240.66 ,$233.75 
8/11/2023,$242.65 ,99038640,$241.77 ,$243.79 ,$238.02 
8/10/2023,$245.34 ,109498600,$245.40 ,$251.80 ,$243.00 
8/9/2023,$242.19 ,101596300,$250.87 ,$251.10 ,$241.90 
8/8/2023,$249.70 ,96642180,$247.45 ,$250.92 ,$245.01 
8/7/2023,$251.45 ,111097900,$251.45 ,$253.65 ,$242.76 
8/4/2023,$253.86 ,99539910,$260.97 ,$264.77 ,$253.11 
8/3/2023,$259.32 ,97829550,$252.04 ,$260.49 ,$252.00 
8/2/2023,$254.11 ,101752900,$255.57 ,$259.52 ,$250.49 
8/1/2023,$261.07 ,83645720,$266.26 ,$266.47 ,$260.25 
7/31/2023,$267.43 ,84582170,$267.48 ,$269.08 ,$263.78 
7/28/2023,$266.44 ,111446000,$259.86 ,$267.25 ,$258.23 
7/27/2023,$255.71 ,103697300,$268.31 ,$269.13 ,$255.30 
7/26/2023,$264.35 ,95856180,$263.25 ,$268.04 ,$261.75 
7/25/2023,$265.28 ,112757300,$272.38 ,$272.90 ,$265.00 
7/24/2023,$269.06 ,137005000,$255.85 ,$269.85 ,$254.12 
7/21/2023,$260.02 ,161796100,$268.00 ,$268.00 ,$255.80 
7/20/2023,$262.90 ,175158300,$279.56 ,$280.93 ,$261.20 
7/19/2023,$291.26 ,142355400,$296.04 ,$299.29 ,$289.52 
7/18/2023,$293.34 ,112434700,$290.15 ,$295.26 ,$286.01 
7/17/2023,$290.38 ,131569600,$286.63 ,$292.23 ,$283.57 
7/14/2023,$281.38 ,120062400,$277.01 ,$285.30 ,$276.31 
7/13/2023,$277.90 ,112681500,$274.59 ,$279.45 ,$270.60 
7/12/2023,$271.99 ,95672140,$276.33 ,$276.52 ,$271.46 
7/11/2023,$269.79 ,91972360,$268.65 ,$270.90 ,$266.37 
7/10/2023,$269.61 ,119425400,$276.47 ,$277.52 ,$265.10 
7/7/2023,$274.43 ,113879200,$278.43 ,$280.78 ,$273.77 
7/6/2023,$276.54 ,120707400,$278.09 ,$279.97 ,$272.88 
7/5/2023,$282.48 ,131530900,$278.82 ,$283.85 ,$277.60 
7/3/2023,$279.82 ,118999000,$276.49 ,$284.25 ,$275.11 
6/30/2023,$261.77 ,112620800,$260.60 ,$264.45 ,$259.89 
6/29/2023,$257.50 ,131283400,$258.03 ,$260.74 ,$253.61 
6/28/2023,$256.24 ,159770800,$249.70 ,$259.88 ,$248.89 
6/27/2023,$250.21 ,164968200,$243.24 ,$250.39 ,$240.85 
6/26/2023,$241.05 ,179990600,$250.07 ,$258.37 ,$240.70 
6/23/2023,$256.60 ,177460800,$259.29 ,$262.45 ,$252.80 
6/22/2023,$264.61 ,166875900,$250.77 ,$265.00 ,$248.25 
6/21/2023,$259.46 ,211797100,$275.13 ,$276.99 ,$257.78 
6/20/2023,$274.45 ,165611200,$261.50 ,$274.75 ,$261.12 
6/16/2023,$260.54 ,167915600,$258.92 ,$263.60 ,$257.21 
6/15/2023,$255.90 ,160171200,$248.40 ,$258.95 ,$247.29 
6/14/2023,$256.79 ,170575500,$260.17 ,$261.57 ,$250.50 
6/13/2023,$258.71 ,162384300,$253.51 ,$259.68 ,$251.34 
6/12/2023,$249.83 ,150740500,$247.94 ,$250.97 ,$244.59 
6/9/2023,$244.40 ,200242400,$249.07 ,$252.42 ,$242.02 
6/8/2023,$234.86 ,164489700,$224.22 ,$235.23 ,$223.01 
6/7/2023,$224.57 ,185710800,$228.00 ,$230.83 ,$223.20 
6/6/2023,$221.31 ,146911600,$216.14 ,$221.91 ,$212.53 
6/5/2023,$217.61 ,151143100,$217.80 ,$221.29 ,$214.52 
6/2/2023,$213.97 ,164398400,$210.15 ,$217.25 ,$209.75 
6/1/2023,$207.52 ,148029900,$202.59 ,$209.80 ,$199.37 
5/31/2023,$203.93 ,150711700,$199.78 ,$203.95 ,$195.12 
5/30/2023,$201.16 ,128818700,$200.10 ,$204.48 ,$197.53 
5/26/2023,$193.17 ,162061500,$184.62 ,$198.60 ,$184.53 
5/25/2023,$184.47 ,96870720,$186.54 ,$186.78 ,$180.58 
5/24/2023,$182.90 ,137605100,$182.23 ,$184.22 ,$178.22 
5/23/2023,$185.77 ,156952100,$186.20 ,$192.96 ,$185.26 
5/22/2023,$188.87 ,132001400,$180.70 ,$189.32 ,$180.11 
5/19/2023,$180.14 ,136196700,$177.17 ,$181.95 ,$176.31 
5/18/2023,$176.89 ,109520300,$174.22 ,$177.06 ,$172.45 
5/17/2023,$173.86 ,125473600,$168.41 ,$174.50 ,$167.19 
5/16/2023,$166.52 ,98288790,$165.65 ,$169.52 ,$164.35 
5/15/2023,$166.35 ,105592500,$167.66 ,$169.76 ,$164.55 
5/12/2023,$167.98 ,157849600,$176.07 ,$177.38 ,$167.23 
5/11/2023,$172.08 ,103889900,$168.70 ,$173.57 ,$166.79 
5/10/2023,$168.54 ,119840700,$172.55 ,$174.43 ,$166.68 
5/9/2023,$169.15 ,88965040,$168.95 ,$169.82 ,$166.56 
5/8/2023,$171.79 ,112249400,$173.72 ,$173.80 ,$169.19 
5/5/2023,$170.06 ,107607300,$163.97 ,$170.79 ,$163.51 
5/4/2023,$161.20 ,95108490,$162.71 ,$162.95 ,$159.65 
5/3/2023,$160.61 ,119728000,$160.01 ,$165.00 ,$159.91 
5/2/2023,$160.31 ,128259700,$161.88 ,$165.49 ,$158.93 
5/1/2023,$161.83 ,109015000,$163.17 ,$163.28 ,$158.83 
4/28/2023,$164.31 ,122515800,$160.90 ,$165.00 ,$157.32 
4/27/2023,$160.19 ,127015200,$152.64 ,$160.48 ,$152.37 
4/26/2023,$153.75 ,153364100,$160.29 ,$160.67 ,$153.14 
4/25/2023,$160.67 ,121999300,$159.82 ,$163.47 ,$158.75 
4/24/2023,$162.55 ,140006600,$164.65 ,$165.65 ,$158.61 
4/21/2023,$165.08 ,123539000,$164.80 ,$166.00 ,$161.32 
4/20/2023,$162.99 ,210970800,$166.17 ,$169.70 ,$160.56 
4/19/2023,$180.59 ,125732700,$179.10 ,$183.50 ,$177.65 
4/18/2023,$184.31 ,92067020,$187.15 ,$187.69 ,$183.58 
4/17/2023,$187.04 ,116662200,$186.32 ,$189.69 ,$182.69 
4/14/2023,$185.00 ,96438660,$183.95 ,$186.28 ,$182.01 
4/13/2023,$185.90 ,112933000,$182.96 ,$186.50 ,$180.94 
4/12/2023,$180.54 ,150256300,$190.74 ,$191.58 ,$180.31 
4/11/2023,$186.79 ,115770900,$186.69 ,$189.19 ,$185.65 
4/10/2023,$184.51 ,142154600,$179.94 ,$185.10 ,$176.11 
4/6/2023,$185.06 ,123857900,$183.08 ,$186.39 ,$179.74 
4/5/2023,$185.52 ,133882500,$190.52 ,$190.68 ,$183.76 
4/4/2023,$192.58 ,126463800,$197.32 ,$198.74 ,$190.32 
4/3/2023,$194.77 ,169545900,$199.91 ,$202.69 ,$192.20 
3/31/2023,$207.46 ,170222100,$197.53 ,$207.79 ,$197.20 
3/30/2023,$195.28 ,110252200,$195.58 ,$197.33 ,$194.42 
3/29/2023,$193.88 ,123660000,$193.13 ,$195.29 ,$189.44 
3/28/2023,$189.19 ,98654640,$192.00 ,$192.35 ,$185.43 
3/27/2023,$191.81 ,120851600,$194.42 ,$197.39 ,$189.94 
3/24/2023,$190.41 ,116531600,$191.65 ,$192.36 ,$187.15 
3/23/2023,$192.22 ,144193900,$195.26 ,$199.31 ,$188.65 
3/22/2023,$191.15 ,150376400,$199.30 ,$200.66 ,$190.95 
3/21/2023,$197.58 ,153391400,$188.28 ,$198.00 ,$188.04 
3/20/2023,$183.25 ,129684400,$178.08 ,$186.44 ,$176.35 
3/17/2023,$180.13 ,133197100,$184.52 ,$186.22 ,$177.33 
3/16/2023,$184.13 ,121374500,$180.37 ,$185.81 ,$178.84 
3/15/2023,$180.45 ,145995600,$180.80 ,$182.34 ,$176.03 
3/14/2023,$183.26 ,143717900,$177.31 ,$183.80 ,$177.14 
3/13/2023,$174.48 ,167790300,$167.46 ,$177.35 ,$163.91 
3/10/2023,$173.44 ,191488900,$175.13 ,$178.29 ,$168.44 
3/9/2023,$172.92 ,170023800,$180.25 ,$185.18 ,$172.51 
3/8/2023,$182.00 ,151897800,$185.04 ,$186.50 ,$180.00 
3/7/2023,$187.71 ,148125800,$191.38 ,$194.20 ,$186.10 
3/6/2023,$193.81 ,128100100,$198.54 ,$198.60 ,$192.30 
3/3/2023,$197.79 ,154193300,$194.80 ,$200.48 ,$192.88 
3/2/2023,$190.90 ,181979200,$186.74 ,$193.75 ,$186.01 
3/1/2023,$202.77 ,156852800,$206.21 ,$207.20 ,$198.52 
2/28/2023,$205.71 ,153144900,$210.59 ,$211.23 ,$203.75 
2/27/2023,$207.63 ,161028300,$202.03 ,$209.42 ,$201.26 
2/24/2023,$196.88 ,142228100,$196.33 ,$197.67 ,$192.80 
2/23/2023,$202.07 ,146360000,$203.91 ,$205.14 ,$196.33 
2/22/2023,$200.86 ,191828500,$197.93 ,$201.99 ,$191.78 
2/21/2023,$197.37 ,180018600,$204.99 ,$209.71 ,$197.22 
2/17/2023,$208.31 ,213738500,$199.99 ,$208.44 ,$197.50 
2/16/2023,$202.04 ,229586500,$210.78 ,$217.65 ,$201.84 
2/15/2023,$214.24 ,182108600,$211.76 ,$214.66 ,$206.11 
2/14/2023,$209.25 ,216455700,$191.94 ,$209.82 ,$189.44 
2/13/2023,$194.64 ,172475500,$194.42 ,$196.30 ,$187.61 
2/10/2023,$196.89 ,204754100,$202.23 ,$206.20 ,$192.89 
2/9/2023,$207.32 ,215431400,$207.78 ,$214.00 ,$204.77 
2/8/2023,$201.29 ,180673600,$196.10 ,$203.00 ,$194.31 
2/7/2023,$196.81 ,186010300,$196.43 ,$197.50 ,$189.55 
2/6/2023,$194.76 ,186188100,$193.01 ,$198.17 ,$189.92 
2/3/2023,$189.98 ,232662000,$183.95 ,$199.00 ,$183.69 
2/2/2023,$188.27 ,217448300,$187.33 ,$196.75 ,$182.61 
2/1/2023,$181.41 ,213806300,$173.89 ,$183.81 ,$169.93 
1/31/2023,$173.22 ,196813500,$164.57 ,$174.30 ,$162.78 
1/30/2023,$166.66 ,230878800,$178.05 ,$179.77 ,$166.50 
1/27/2023,$177.90 ,306590600,$162.43 ,$180.68 ,$161.17 
1/26/2023,$160.27 ,234815100,$159.97 ,$161.42 ,$154.76 
1/25/2023,$144.43 ,192734300,$141.91 ,$146.41 ,$138.07 
1/24/2023,$143.89 ,158699100,$143.00 ,$146.50 ,$141.10 
1/23/2023,$143.75 ,203119200,$135.87 ,$145.38 ,$134.27 
1/20/2023,$133.42 ,138858100,$128.68 ,$133.51 ,$127.35 
1/19/2023,$127.17 ,170291900,$127.26 ,$129.99 ,$124.31 
1/18/2023,$128.78 ,195680300,$136.56 ,$136.68 ,$127.01 
1/17/2023,$131.49 ,186477000,$125.70 ,$131.70 ,$125.02 
1/13/2023,$122.40 ,180714100,$116.55 ,$122.63 ,$115.60 
1/12/2023,$123.56 ,169400900,$122.56 ,$124.13 ,$117.00 
1/11/2023,$123.22 ,183810800,$122.09 ,$125.95 ,$120.51 
1/10/2023,$118.85 ,167642500,$121.07 ,$122.76 ,$114.92 
1/9/2023,$119.77 ,190284000,$118.96 ,$123.52 ,$117.11 
1/6/2023,$113.06 ,220911100,$103.00 ,$114.39 ,$101.81 
1/5/2023,$110.34 ,157986300,$110.51 ,$111.75 ,$107.16 
1/4/2023,$113.64 ,180389000,$109.11 ,$114.59 ,$107.52 
1/3/2023,$108.10 ,231402800,$118.47 ,$118.80 ,$104.64 
12/30/2022,$123.18 ,157777300,$119.95 ,$124.48 ,$119.75 
12/29/2022,$121.82 ,221923300,$120.39 ,$123.57 ,$117.50 
12/28/2022,$112.71 ,221070500,$110.35 ,$116.27 ,$108.24 
12/27/2022,$109.10 ,208643400,$117.50 ,$119.67 ,$108.76 
12/23/2022,$123.15 ,166989700,$126.37 ,$128.62 ,$121.02 
12/22/2022,$125.35 ,210090300,$136.00 ,$136.63 ,$122.26 
12/21/2022,$137.57 ,145417400,$139.34 ,$141.26 ,$135.89 
12/20/2022,$137.80 ,159563300,$146.05 ,$148.47 ,$137.66 
12/19/2022,$149.87 ,139390600,$154.00 ,$155.25 ,$145.82 
12/16/2022,$150.23 ,139032200,$159.64 ,$160.99 ,$150.04 
12/15/2022,$157.67 ,122334500,$153.44 ,$160.93 ,$153.28 
12/14/2022,$156.80 ,140682300,$159.25 ,$161.62 ,$155.31 
12/13/2022,$160.95 ,175862700,$174.87 ,$175.05 ,$156.91 
12/12/2022,$167.82 ,109794500,$176.10 ,$177.37 ,$167.52 
12/9/2022,$179.05 ,104872300,$173.84 ,$182.50 ,$173.36 
12/8/2022,$173.44 ,97624490,$172.20 ,$175.20 ,$169.06 
12/7/2022,$174.04 ,84213280,$175.03 ,$179.38 ,$172.22 
12/6/2022,$179.82 ,92150820,$181.22 ,$183.65 ,$175.33 
12/5/2022,$182.45 ,93122670,$189.44 ,$191.27 ,$180.55 
12/2/2022,$194.86 ,73645920,$191.78 ,$196.25 ,$191.11 
12/1/2022,$194.70 ,80046210,$197.08 ,$198.92 ,$191.80 
11/30/2022,$194.70 ,109186400,$182.43 ,$194.76 ,$180.63 
11/29/2022,$180.83 ,83357110,$184.99 ,$186.38 ,$178.75 
11/28/2022,$182.92 ,93038150,$179.96 ,$188.50 ,$179.00 
11/25/2022,$182.86 ,50672740,$185.06 ,$185.20 ,$180.63 
11/23/2022,$183.20 ,109536700,$173.57 ,$183.62 ,$172.50 
11/22/2022,$169.91 ,78452330,$168.63 ,$170.92 ,$166.19 
11/21/2022,$167.87 ,92882710,$175.85 ,$176.77 ,$167.54 
11/18/2022,$180.19 ,76048870,$185.05 ,$185.19 ,$176.55 
11/17/2022,$183.17 ,64335970,$183.96 ,$186.16 ,$180.90 
11/16/2022,$186.92 ,66567600,$191.51 ,$192.57 ,$185.66 
11/15/2022,$194.42 ,91293790,$195.88 ,$200.82 ,$192.06 
11/14/2022,$190.95 ,92226650,$192.77 ,$195.73 ,$186.34 
11/11/2022,$195.97 ,114403600,$186.00 ,$196.52 ,$182.59 
11/10/2022,$190.72 ,132703000,$189.90 ,$191.00 ,$180.03 
11/9/2022,$177.59 ,127062700,$190.78 ,$195.89 ,$177.12 
11/8/2022,$191.30 ,128803400,$194.02 ,$195.20 ,$186.75 
11/7/2022,$197.08 ,93916520,$208.65 ,$208.90 ,$196.66 
11/4/2022,$207.47 ,98622210,$222.60 ,$223.80 ,$203.08 
11/3/2022,$215.31 ,56538850,$211.36 ,$221.20 ,$210.14 
11/2/2022,$214.98 ,63070290,$226.04 ,$227.87 ,$214.82 
11/1/2022,$227.82 ,62688820,$234.05 ,$237.40 ,$227.28 
10/31/2022,$227.54 ,61554340,$226.19 ,$229.85 ,$221.94 
10/28/2022,$228.52 ,69152390,$225.40 ,$228.86 ,$216.35 
10/27/2022,$225.09 ,61638820,$229.77 ,$233.81 ,$222.85 
10/26/2022,$224.64 ,85327080,$219.40 ,$230.60 ,$218.20 
10/25/2022,$222.42 ,96507870,$210.10 ,$224.35 ,$210.00 
10/24/2022,$211.25 ,100446800,$205.82 ,$213.50 ,$198.59 
10/21/2022,$214.44 ,75713750,$206.42 ,$214.66 ,$203.80 
10/20/2022,$207.28 ,117798100,$208.28 ,$215.55 ,$202.00 
10/19/2022,$222.04 ,66571480,$219.80 ,$222.93 ,$217.78 
10/18/2022,$220.19 ,75891910,$229.50 ,$229.82 ,$217.25 
10/17/2022,$219.35 ,79428810,$210.04 ,$221.86 ,$209.45 
10/14/2022,$204.99 ,94124510,$224.01 ,$226.26 ,$204.16 
10/13/2022,$221.72 ,91483050,$208.30 ,$222.99 ,$206.22 
10/12/2022,$217.24 ,66860700,$215.33 ,$219.30 ,$211.51 
10/11/2022,$216.50 ,77013200,$220.95 ,$225.75 ,$215.00 
10/10/2022,$222.96 ,67925020,$223.93 ,$226.99 ,$218.36 
10/7/2022,$223.07 ,83916800,$233.94 ,$234.57 ,$222.02 
10/6/2022,$238.13 ,69298440,$239.44 ,$244.58 ,$235.35 
10/5/2022,$240.81 ,86982670,$245.01 ,$246.67 ,$233.27 
10/4/2022,$249.44 ,109578500,$250.52 ,$257.50 ,$242.01 
10/3/2022,$242.40 ,98363540,$254.50 ,$255.16 ,$241.01 
9/30/2022,$265.25 ,67726600,$266.15 ,$275.57 ,$262.47 
9/29/2022,$268.21 ,77620640,$282.76 ,$283.65 ,$265.78 
9/28/2022,$287.81 ,54664810,$283.08 ,$289.00 ,$277.57 
9/27/2022,$282.94 ,61925190,$283.84 ,$288.67 ,$277.51 
9/26/2022,$276.01 ,58076910,$271.83 ,$284.09 ,$270.31 
9/23/2022,$275.33 ,63748360,$283.09 ,$284.50 ,$272.82 
9/22/2022,$288.59 ,70545410,$299.86 ,$301.29 ,$285.82 
9/21/2022,$300.80 ,62555660,$308.29 ,$313.80 ,$300.63 
9/20/2022,$308.73 ,61642780,$306.91 ,$313.33 ,$305.58 
9/19/2022,$309.07 ,60231160,$300.09 ,$309.84 ,$297.80 
9/16/2022,$303.35 ,87087790,$299.61 ,$303.71 ,$295.60 
9/15/2022,$303.75 ,64795520,$301.83 ,$309.12 ,$300.72 
9/14/2022,$302.61 ,72628650,$292.24 ,$306.00 ,$291.64 
9/13/2022,$292.13 ,68229620,$292.90 ,$297.40 ,$290.40 
9/12/2022,$304.42 ,48674600,$300.72 ,$305.49 ,$300.40 
9/9/2022,$299.68 ,54470850,$291.67 ,$299.85 ,$291.25 
9/8/2022,$289.26 ,53713120,$281.30 ,$289.50 ,$279.76 
9/7/2022,$283.70 ,50028920,$273.10 ,$283.84 ,$272.27 
9/6/2022,$274.42 ,55859980,$272.68 ,$275.99 ,$265.74 
9/2/2022,$270.21 ,50890090,$281.07 ,$282.35 ,$269.08 
9/1/2022,$277.16 ,54287020,$272.58 ,$277.58 ,$266.15 
8/31/2022,$275.61 ,52107340,$280.62 ,$281.25 ,$271.81 
8/30/2022,$277.70 ,50541760,$287.87 ,$288.48 ,$272.65 
8/29/2022,$284.82 ,41864740,$282.83 ,$287.74 ,$280.70 
8/26/2022,$288.09 ,57163950,$297.43 ,$302.00 ,$287.47 
8/25/2022,$296.07 ,53230010,$302.36 ,$302.96 ,$291.60 
8/24/2022,$297.10 ,57259716,$297.56 ,$303.65 ,$296.50 
8/23/2022,$296.45 ,63985056,$291.45 ,$298.83 ,$287.92 
8/22/2022,$289.91 ,55843356,$291.91 ,$292.40 ,$286.30 
8/19/2022,$296.67 ,61395396,$299.00 ,$300.36 ,$292.50 
8/18/2022,$302.87 ,47500535,$306.00 ,$306.50 ,$301.85 
8/17/2022,$304.00 ,68765977,$303.40 ,$309.66 ,$300.03 
8/16/2022,$306.56 ,88136319,$311.67 ,$314.67 ,$302.88 
8/15/2022,$309.32 ,89359179,$301.79 ,$313.13 ,$301.23 
8/12/2022,$300.03 ,79657298,$289.42 ,$300.16 ,$285.03 
8/11/2022,$286.63 ,70155067,$296.51 ,$298.24 ,$285.83 
8/10/2022,$294.36 ,94918869,$297.07 ,$297.51 ,$283.37 
8/9/2022,$283.33 ,86244699,$290.29 ,$292.40 ,$279.35 
8/8/2022,$290.42 ,99365290,$295.00 ,$305.20 ,$289.09 
8/5/2022,$288.17 ,113172911,$302.67 ,$304.61 ,$285.54 
8/4/2022,$308.63 ,72256327,$311.00 ,$313.61 ,$305.00 
8/3/2022,$307.40 ,80091128,$305.00 ,$309.55 ,$301.15 
8/2/2022,$300.59 ,95577490,$294.00 ,$307.83 ,$292.67 
8/1/2022,$297.28 ,117042912,$301.28 ,$311.88 ,$295.00 
7/29/2022,$297.15 ,95312890,$280.70 ,$298.32 ,$279.10 
7/28/2022,$280.90 ,84723008,$280.07 ,$283.30 ,$272.80 
7/27/2022,$274.82 ,88110009,$263.81 ,$275.93 ,$261.79 
7/26/2022,$258.86 ,66820777,$266.51 ,$267.31 ,$256.26 
7/25/2022,$268.43 ,64073526,$272.22 ,$274.15 ,$267.40 
7/22/2022,$272.24 ,103472860,$276.22 ,$280.79 ,$270.71 
7/21/2022,$271.71 ,142032194,$255.11 ,$273.27 ,$254.87 
7/20/2022,$247.50 ,88864089,$246.78 ,$250.66 ,$243.48 
7/19/2022,$245.53 ,80890118,$245.00 ,$247.14 ,$236.98 
7/18/2022,$240.55 ,82537448,$244.94 ,$250.52 ,$239.60 
7/15/2022,$240.07 ,69683017,$240.00 ,$243.62 ,$236.89 
7/14/2022,$238.31 ,78557498,$234.90 ,$238.65 ,$229.33 
7/13/2022,$237.04 ,97954510,$225.50 ,$242.06 ,$225.03 
7/12/2022,$233.07 ,87930969,$236.85 ,$239.77 ,$228.37 
7/11/2022,$234.34 ,99509230,$252.10 ,$253.06 ,$233.63 
7/8/2022,$250.76 ,101854090,$242.33 ,$254.98 ,$241.16 
7/7/2022,$244.54 ,81930698,$233.92 ,$245.36 ,$232.21 
7/6/2022,$231.73 ,71853637,$230.78 ,$234.56 ,$227.19 
7/5/2022,$233.07 ,84779108,$223.00 ,$233.15 ,$216.17 
7/1/2022,$227.26 ,74460457,$227.00 ,$230.23 ,$222.12 
6/30/2022,$224.47 ,94600449,$224.51 ,$229.46 ,$218.86 
6/29/2022,$228.49 ,82897268,$230.50 ,$231.17 ,$222.27 
6/28/2022,$232.66 ,90666519,$244.48 ,$249.97 ,$232.34 
6/27/2022,$244.92 ,89178309,$249.37 ,$252.07 ,$242.57 
6/24/2022,$245.71 ,95770720,$237.47 ,$246.07 ,$236.09 
6/23/2022,$235.07 ,104202700,$237.91 ,$239.32 ,$228.64 
6/22/2022,$236.09 ,101527270,$234.50 ,$246.83 ,$233.83 
6/21/2022,$237.04 ,122792982,$224.60 ,$243.58 ,$224.33 
6/17/2022,$216.76 ,92641779,$213.43 ,$220.97 ,$213.20 
6/16/2022,$213.10 ,107390711,$222.74 ,$225.17 ,$208.69 
6/15/2022,$233.00 ,119131962,$220.92 ,$235.66 ,$218.15 
6/14/2022,$220.89 ,97988800,$218.29 ,$226.33 ,$211.74 
6/13/2022,$215.74 ,102767260,$223.17 ,$226.63 ,$214.68 
6/10/2022,$232.23 ,98090920,$235.16 ,$239.50 ,$227.91 
6/9/2022,$239.71 ,96491320,$249.34 ,$255.55 ,$239.33 
6/8/2022,$241.87 ,76210628,$240.09 ,$249.96 ,$239.18 
6/7/2022,$238.89 ,72808597,$234.00 ,$240.00 ,$230.09 
6/6/2022,$238.28 ,84204518,$244.35 ,$244.87 ,$234.35 
6/3/2022,$234.52 ,112393751,$243.23 ,$247.80 ,$233.42 
6/2/2022,$258.33 ,93473139,$244.16 ,$264.21 ,$242.07 
6/1/2022,$246.79 ,77247968,$251.72 ,$257.33 ,$243.64 
5/31/2022,$252.75 ,101914390,$257.95 ,$259.60 ,$244.74 
5/27/2022,$253.21 ,89294979,$241.08 ,$253.27 ,$240.18 
5/26/2022,$235.91 ,106003361,$220.47 ,$239.56 ,$217.89 
5/25/2022,$219.60 ,92139339,$207.95 ,$223.11 ,$207.67 
5/24/2022,$209.39 ,89092539,$217.84 ,$217.97 ,$206.86 
5/23/2022,$224.97 ,88903659,$218.34 ,$226.65 ,$212.69 
5/20/2022,$221.30 ,144973334,$238.00 ,$240.53 ,$211.00 
5/19/2022,$236.47 ,90296679,$235.67 ,$244.67 ,$231.37 
5/18/2022,$236.60 ,87811809,$248.17 ,$253.50 ,$233.60 
5/17/2022,$253.87 ,80236118,$249.12 ,$254.83 ,$242.95 
5/16/2022,$241.46 ,86098539,$255.72 ,$256.59 ,$239.70 
5/13/2022,$256.53 ,92150739,$257.83 ,$262.45 ,$250.52 
5/12/2022,$242.67 ,140312864,$233.67 ,$253.22 ,$226.67 
5/11/2022,$244.67 ,97224460,$265.00 ,$269.92 ,$242.40 
5/10/2022,$266.68 ,84401648,$273.10 ,$275.12 ,$258.08 
5/9/2022,$262.37 ,90810219,$278.82 ,$281.88 ,$260.38 
5/6/2022,$288.55 ,72903127,$295.67 ,$296.00 ,$281.04 
5/5/2022,$291.09 ,92519199,$313.07 ,$315.20 ,$285.90 
5/4/2022,$317.54 ,81643718,$301.31 ,$318.50 ,$295.09 
5/3/2022,$303.08 ,63709596,$301.06 ,$308.03 ,$296.20 
5/2/2022,$300.98 ,75781388,$286.92 ,$302.12 ,$282.68 
4/29/2022,$290.25 ,88133019,$300.75 ,$311.47 ,$290.00 
4/28/2022,$292.50 ,124948542,$299.99 ,$300.00 ,$273.90 
4/27/2022,$293.84 ,76956398,$299.53 ,$306.00 ,$292.45 
4/26/2022,$292.14 ,136133684,$331.81 ,$333.33 ,$291.67 
4/25/2022,$332.67 ,68341357,$326.32 ,$336.21 ,$325.10 
4/22/2022,$335.02 ,69696577,$338.30 ,$344.95 ,$331.33 
4/21/2022,$336.26 ,105416351,$358.24 ,$364.07 ,$332.14 
4/20/2022,$325.73 ,70711327,$343.33 ,$344.67 ,$325.08 
4/19/2022,$342.72 ,49847825,$335.02 ,$344.98 ,$331.78 
4/18/2022,$334.76 ,51715235,$329.68 ,$338.31 ,$324.47 
4/14/2022,$328.33 ,58422426,$333.10 ,$337.57 ,$327.40 
4/13/2022,$340.79 ,55121226,$327.03 ,$342.08 ,$324.37 
4/12/2022,$328.98 ,65976097,$332.55 ,$340.40 ,$325.53 
4/11/2022,$325.31 ,59357226,$326.80 ,$336.16 ,$324.88 
4/8/2022,$341.83 ,55013706,$347.74 ,$349.48 ,$340.81 
4/7/2022,$352.42 ,79447058,$350.80 ,$358.86 ,$340.51 
4/6/2022,$348.59 ,89348559,$357.82 ,$359.67 ,$342.57 
4/5/2022,$363.75 ,80075018,$378.77 ,$384.29 ,$362.43 
4/4/2022,$381.82 ,82177718,$363.13 ,$383.30 ,$357.51 
4/1/2022,$361.53 ,54263225,$360.38 ,$364.92 ,$355.55 
3/31/2022,$359.20 ,48992765,$364.86 ,$367.71 ,$358.88 
3/30/2022,$364.66 ,59865006,$363.72 ,$371.32 ,$361.33 
3/29/2022,$366.52 ,73614817,$369.33 ,$371.59 ,$357.70 
3/28/2022,$363.95 ,102506080,$355.03 ,$365.96 ,$351.20 
3/25/2022,$336.88 ,62031546,$336.00 ,$340.60 ,$332.44 
3/24/2022,$337.97 ,68920897,$336.58 ,$341.50 ,$329.60 
3/23/2022,$333.04 ,120676152,$326.65 ,$346.90 ,$325.47 
3/22/2022,$331.33 ,105868571,$310.00 ,$332.62 ,$307.25 
3/21/2022,$307.05 ,81981668,$304.99 ,$314.28 ,$302.36 
3/18/2022,$301.80 ,100414210,$291.50 ,$302.62 ,$289.13 
3/17/2022,$290.53 ,66582967,$277.00 ,$291.67 ,$275.24 
3/16/2022,$280.08 ,84028838,$269.67 ,$280.67 ,$267.42 
3/15/2022,$267.30 ,66841147,$258.42 ,$268.52 ,$252.19 
3/14/2022,$255.46 ,71152267,$260.20 ,$266.90 ,$252.01 
3/11/2022,$265.12 ,67037167,$280.07 ,$281.27 ,$264.59 
3/10/2022,$279.43 ,58648656,$283.82 ,$284.82 ,$270.12 
3/9/2022,$286.32 ,59183976,$279.83 ,$286.85 ,$277.34 
3/8/2022,$274.80 ,80399108,$265.18 ,$283.33 ,$260.72 
3/7/2022,$268.19 ,72494167,$285.43 ,$288.71 ,$268.19 
3/4/2022,$279.43 ,67179877,$283.03 ,$285.22 ,$275.05 
3/3/2022,$279.76 ,61623516,$292.92 ,$295.48 ,$277.53 
3/2/2022,$293.30 ,74643457,$290.71 ,$295.49 ,$281.42 
3/1/2022,$288.12 ,74766877,$289.89 ,$296.63 ,$284.59 
2/28/2022,$290.14 ,99006880,$271.67 ,$292.29 ,$271.57 
2/25/2022,$269.96 ,76067768,$269.74 ,$273.17 ,$260.80 
2/24/2022,$266.92 ,135322304,$233.46 ,$267.49 ,$233.33 
2/23/2022,$254.68 ,95257030,$276.81 ,$278.43 ,$253.52 
2/22/2022,$273.84 ,83288198,$278.04 ,$285.58 ,$267.03 
2/18/2022,$285.66 ,68501857,$295.33 ,$295.62 ,$279.20 
2/17/2022,$292.12 ,55178436,$304.42 ,$306.17 ,$291.37 
2/16/2022,$307.80 ,51294395,$304.68 ,$308.81 ,$300.40 
2/15/2022,$307.48 ,57649536,$300.00 ,$307.67 ,$297.79 
2/14/2022,$291.92 ,67756417,$287.19 ,$299.63 ,$284.38 
2/11/2022,$286.67 ,79645868,$303.21 ,$305.32 ,$283.57 
2/10/2022,$301.52 ,66126847,$302.79 ,$314.60 ,$298.90 
2/9/2022,$310.67 ,52259555,$311.67 ,$315.42 ,$306.67 
2/8/2022,$307.33 ,50729015,$301.84 ,$308.76 ,$298.27 
2/7/2022,$302.45 ,60994476,$307.93 ,$315.92 ,$300.90 
2/4/2022,$307.77 ,73625467,$299.07 ,$312.17 ,$293.72 
2/3/2022,$297.05 ,78855578,$294.00 ,$312.33 ,$293.51 
2/2/2022,$301.89 ,66793057,$309.39 ,$310.50 ,$296.47 
2/1/2022,$310.42 ,73138357,$311.74 ,$314.57 ,$301.67 
1/31/2022,$312.24 ,104436100,$290.90 ,$312.66 ,$287.35 
1/28/2022,$282.12 ,134788963,$277.19 ,$285.83 ,$264.00 
1/27/2022,$276.37 ,147109575,$311.12 ,$311.80 ,$276.33 
1/26/2022,$312.47 ,104867290,$317.48 ,$329.23 ,$302.00 
1/25/2022,$306.13 ,86595909,$304.73 ,$317.09 ,$301.07 
1/24/2022,$310.00 ,152375145,$301.59 ,$311.17 ,$283.82 
1/21/2022,$314.63 ,103416040,$332.11 ,$334.85 ,$313.50 
1/20/2022,$332.09 ,70488757,$336.58 ,$347.22 ,$331.33 
1/19/2022,$331.88 ,75442508,$347.24 ,$351.56 ,$331.67 
1/18/2022,$343.50 ,66989407,$342.20 ,$356.93 ,$338.69 
1/14/2022,$349.87 ,72924427,$339.96 ,$350.67 ,$337.79 
1/13/2022,$343.85 ,97209790,$369.69 ,$371.87 ,$342.18 
1/12/2022,$368.74 ,83739038,$359.62 ,$371.61 ,$357.53 
1/11/2022,$354.80 ,66063217,$351.22 ,$358.62 ,$346.27 
1/10/2022,$352.71 ,91814889,$333.33 ,$353.03 ,$326.67 
1/7/2022,$342.32 ,84164768,$360.12 ,$360.31 ,$336.67 
1/6/2022,$354.90 ,90336489,$359.00 ,$362.67 ,$340.17 
1/5/2022,$362.71 ,80119808,$382.22 ,$390.11 ,$360.34 
1/4/2022,$383.20 ,100248280,$396.52 ,$402.67 ,$374.35 
1/3/2022,$399.93 ,104686060,$382.58 ,$400.36 ,$378.68 
12/31/2021,$352.26 ,40733644,$357.81 ,$360.67 ,$351.53 
12/30/2021,$356.78 ,47040935,$353.78 ,$365.18 ,$351.05 
12/29/2021,$362.06 ,56154066,$366.21 ,$368.00 ,$354.71 
12/28/2021,$362.82 ,60323916,$369.83 ,$373.00 ,$359.47 
12/27/2021,$364.65 ,71145817,$357.89 ,$372.33 ,$356.91 
12/23/2021,$355.67 ,92713299,$335.60 ,$357.66 ,$332.52 
12/22/2021,$336.29 ,93634089,$321.89 ,$338.55 ,$319.02 
12/21/2021,$312.84 ,71517937,$305.62 ,$313.17 ,$295.37 
12/20/2021,$299.98 ,56480016,$303.57 ,$307.23 ,$297.80 
12/17/2021,$310.86 ,100880260,$304.92 ,$320.22 ,$303.01 
12/16/2021,$308.97 ,82771448,$331.50 ,$331.66 ,$307.28 
12/15/2021,$325.33 ,75169238,$317.74 ,$326.25 ,$309.42 
12/14/2021,$319.50 ,70806277,$315.00 ,$322.14 ,$310.00 
12/13/2021,$322.14 ,78595508,$333.70 ,$335.00 ,$317.14 
12/10/2021,$339.01 ,59664366,$336.25 ,$340.33 ,$327.51 
12/9/2021,$334.60 ,59438496,$353.55 ,$354.16 ,$334.12 
12/8/2021,$356.32 ,41906374,$350.90 ,$357.46 ,$344.33 
12/7/2021,$350.58 ,56084586,$348.07 ,$352.56 ,$342.27 
12/6/2021,$336.34 ,81663128,$333.84 ,$340.55 ,$316.83 
12/3/2021,$338.32 ,92322009,$361.60 ,$363.53 ,$333.40 
12/2/2021,$361.53 ,73114867,$366.35 ,$371.00 ,$352.22 
12/1/2021,$365.00 ,68804107,$386.90 ,$390.95 ,$363.59 
11/30/2021,$381.59 ,81276128,$381.46 ,$389.33 ,$372.67 
11/29/2021,$379.00 ,58393416,$367.00 ,$380.89 ,$366.73 
11/26/2021,$360.64 ,35042674,$366.49 ,$369.59 ,$360.33 
11/24/2021,$372.00 ,67680727,$360.13 ,$377.59 ,$354.00 
11/23/2021,$369.68 ,108515111,$389.17 ,$393.50 ,$354.23 
11/22/2021,$385.62 ,99217540,$387.44 ,$400.65 ,$377.48 
11/19/2021,$379.02 ,64926786,$366.29 ,$379.57 ,$364.23 
11/18/2021,$365.46 ,62696796,$368.85 ,$370.67 ,$358.34 
11/17/2021,$363.00 ,94336119,$354.50 ,$373.21 ,$351.83 
11/16/2021,$351.58 ,79627088,$334.44 ,$352.40 ,$334.06 
11/15/2021,$337.80 ,104326960,$339.21 ,$343.99 ,$326.20 
11/12/2021,$344.47 ,76719458,$349.17 ,$351.50 ,$339.73 
11/11/2021,$354.50 ,67189717,$367.59 ,$368.32 ,$351.56 
11/10/2021,$355.98 ,128408173,$336.80 ,$359.37 ,$329.10 
11/9/2021,$341.17 ,177317538,$391.20 ,$391.50 ,$337.17 
11/8/2021,$387.65 ,100337170,$383.26 ,$399.00 ,$377.67 
11/5/2021,$407.36 ,64886436,$409.33 ,$413.29 ,$402.67 
11/4/2021,$409.97 ,76192238,$411.47 ,$414.50 ,$405.67 
11/3/2021,$404.62 ,103885570,$392.44 ,$405.13 ,$384.21 
11/2/2021,$390.67 ,128213413,$386.45 ,$402.86 ,$382.00 
11/1/2021,$402.86 ,168146177,$381.67 ,$403.25 ,$372.89 
10/29/2021,$371.33 ,89755269,$360.62 ,$371.74 ,$357.74 
10/28/2021,$359.01 ,81639518,$356.10 ,$360.33 ,$351.40 
10/27/2021,$345.95 ,115579392,$346.55 ,$356.96 ,$343.59 
10/26/2021,$339.48 ,187244929,$341.56 ,$364.98 ,$333.81 
10/25/2021,$341.62 ,188556319,$316.84 ,$348.34 ,$314.73 
10/22/2021,$303.23 ,68642527,$298.50 ,$303.33 ,$296.99 
10/21/2021,$298.00 ,94444359,$285.33 ,$300.00 ,$285.17 
10/20/2021,$288.60 ,42096154,$288.45 ,$289.83 ,$285.79 
10/19/2021,$288.09 ,52143395,$292.51 ,$292.65 ,$287.50 
10/18/2021,$290.04 ,72621727,$283.93 ,$291.75 ,$283.82 
10/15/2021,$281.01 ,56773716,$274.58 ,$281.07 ,$274.12 
10/14/2021,$272.77 ,36741514,$271.83 ,$273.42 ,$271.12 
10/13/2021,$270.36 ,42360244,$270.16 ,$271.80 ,$268.59 
10/12/2021,$268.57 ,66060127,$266.98 ,$270.77 ,$265.52 
10/11/2021,$263.98 ,42600964,$262.55 ,$267.08 ,$261.83 
10/8/2021,$261.83 ,50215805,$265.40 ,$265.46 ,$260.30 
10/7/2021,$264.54 ,57587346,$261.82 ,$268.33 ,$261.13 
10/6/2021,$260.92 ,43898314,$258.73 ,$262.22 ,$257.74 
10/5/2021,$260.20 ,55297896,$261.60 ,$265.77 ,$258.07 
10/4/2021,$260.51 ,91450029,$265.50 ,$268.99 ,$258.71 
10/1/2021,$258.41 ,51094235,$259.47 ,$260.26 ,$254.53 
9/30/2021,$258.49 ,53867885,$260.33 ,$263.04 ,$258.33 
9/29/2021,$260.44 ,62828646,$259.93 ,$264.50 ,$256.89 
9/28/2021,$259.19 ,76144268,$262.40 ,$265.21 ,$255.39 
9/27/2021,$263.79 ,84211988,$257.71 ,$266.33 ,$256.44 
9/24/2021,$258.13 ,64119066,$248.63 ,$258.27 ,$248.19 
9/23/2021,$251.21 ,35842594,$251.67 ,$252.73 ,$249.31 
9/22/2021,$250.65 ,45378815,$247.84 ,$251.22 ,$246.37 
9/21/2021,$246.46 ,48992165,$244.93 ,$248.25 ,$243.48 
9/20/2021,$243.39 ,74272957,$244.85 ,$247.33 ,$239.54 
9/17/2021,$253.16 ,84612548,$252.38 ,$253.68 ,$250.00 
9/16/2021,$252.33 ,41770174,$250.94 ,$252.97 ,$249.20 
9/15/2021,$251.94 ,46073075,$248.33 ,$252.29 ,$246.12 
9/14/2021,$248.16 ,55574646,$247.52 ,$251.49 ,$245.47 
9/13/2021,$247.67 ,68857447,$246.74 ,$248.26 ,$236.28 
9/10/2021,$245.42 ,45552515,$253.20 ,$254.20 ,$244.84 
9/9/2021,$251.62 ,42233194,$251.14 ,$254.03 ,$250.54 
9/8/2021,$251.29 ,56379126,$253.86 ,$254.82 ,$246.92 
9/7/2021,$250.97 ,60119496,$246.67 ,$253.40 ,$246.42 
9/3/2021,$244.52 ,45813155,$244.08 ,$244.67 ,$241.40 
9/2/2021,$244.13 ,38390224,$244.83 ,$246.99 ,$243.51 
9/1/2021,$244.70 ,39613024,$244.69 ,$247.33 ,$243.76 
8/31/2021,$245.24 ,62566326,$244.33 ,$246.80 ,$242.15 
8/30/2021,$243.64 ,55812666,$238.24 ,$243.67 ,$237.58 
8/27/2021,$237.31 ,41501284,$235.00 ,$238.33 ,$234.03 
8/26/2021,$233.72 ,39642874,$236.10 ,$238.47 ,$232.54 
8/25/2021,$237.07 ,37936684,$235.68 ,$238.99 ,$234.67 
8/24/2021,$236.16 ,39249214,$236.89 ,$238.41 ,$234.21 
8/23/2021,$235.43 ,60794586,$228.48 ,$237.38 ,$226.92 
8/20/2021,$226.75 ,44525614,$227.62 ,$230.71 ,$224.57 
8/19/2021,$224.49 ,42940474,$226.07 ,$228.85 ,$222.53 
8/18/2021,$229.66 ,61048146,$223.25 ,$231.92 ,$223.12 
8/17/2021,$221.90 ,71163847,$224.22 ,$224.86 ,$216.28 
8/16/2021,$228.72 ,69309907,$235.02 ,$236.50 ,$225.47 
8/13/2021,$239.06 ,50194415,$241.24 ,$243.30 ,$238.11 
8/12/2021,$240.75 ,53045075,$235.45 ,$240.93 ,$233.13 
8/11/2021,$235.94 ,29401677,$237.57 ,$238.39 ,$234.74 
8/10/2021,$236.66 ,40296934,$238.00 ,$238.86 ,$233.96 
8/9/2021,$237.92 ,44146054,$236.72 ,$239.68 ,$235.04 
8/6/2021,$233.03 ,46869155,$237.30 ,$238.78 ,$232.54 
8/5/2021,$238.21 ,38758924,$238.67 ,$240.32 ,$237.14 
8/4/2021,$236.97 ,51007955,$237.00 ,$241.63 ,$236.31 
8/3/2021,$236.58 ,64860756,$239.67 ,$240.88 ,$233.67 
8/2/2021,$236.56 ,100847320,$233.33 ,$242.31 ,$232.80 
7/30/2021,$229.07 ,88969239,$223.92 ,$232.51 ,$223.00 
7/29/2021,$225.78 ,91183929,$216.60 ,$227.90 ,$216.27 
7/28/2021,$215.66 ,48019805,$215.67 ,$218.32 ,$213.13 
7/27/2021,$214.93 ,98439880,$221.13 ,$222.17 ,$209.08 
7/26/2021,$219.21 ,76009688,$216.99 ,$222.73 ,$215.70 
7/23/2021,$214.46 ,43814824,$215.45 ,$216.27 ,$212.43 
7/22/2021,$216.42 ,45317195,$218.81 ,$220.72 ,$214.87 
7/21/2021,$218.43 ,41860024,$219.87 ,$221.62 ,$216.76 
7/20/2021,$220.17 ,46461395,$217.33 ,$220.80 ,$213.50 
7/19/2021,$215.41 ,63891276,$209.96 ,$215.73 ,$207.10 
7/16/2021,$214.74 ,49112915,$218.23 ,$218.90 ,$214.07 
7/15/2021,$216.87 ,60628716,$219.46 ,$222.05 ,$212.63 
7/14/2021,$217.79 ,64923576,$223.58 ,$226.20 ,$217.61 
7/13/2021,$222.85 ,62898276,$228.77 ,$231.09 ,$222.10 
7/12/2021,$228.57 ,77781128,$220.73 ,$229.08 ,$220.72 
7/9/2021,$218.98 ,54421655,$217.73 ,$219.64 ,$214.90 
7/8/2021,$217.60 ,68319967,$209.46 ,$218.14 ,$206.82 
7/7/2021,$214.88 ,56375886,$221.42 ,$221.90 ,$212.77 
7/6/2021,$219.86 ,69853357,$227.24 ,$228.00 ,$217.13 
7/2/2021,$226.30 ,81292118,$226.33 ,$233.33 ,$224.42 
7/1/2021,$225.97 ,55903566,$227.97 ,$229.33 ,$224.27 
6/30/2021,$226.57 ,56774586,$226.59 ,$230.94 ,$226.05 
6/29/2021,$226.92 ,52143935,$228.22 ,$229.17 ,$225.30 
6/28/2021,$229.57 ,64884486,$223.88 ,$231.57 ,$223.44 
6/25/2021,$223.96 ,97490140,$229.86 ,$231.27 ,$222.90 
6/24/2021,$226.61 ,137947184,$225.00 ,$232.54 ,$222.54 
6/23/2021,$218.86 ,93297699,$210.67 ,$219.07 ,$210.01 
6/22/2021,$207.90 ,57476676,$206.08 ,$209.52 ,$205.17 
6/21/2021,$206.94 ,74438227,$208.16 ,$210.46 ,$202.96 
6/18/2021,$207.77 ,73682737,$204.46 ,$209.45 ,$203.93 
6/17/2021,$205.53 ,68104057,$200.63 ,$207.16 ,$200.45 
6/16/2021,$201.62 ,66432397,$199.18 ,$202.83 ,$197.83 
6/15/2021,$199.79 ,53292455,$205.56 ,$205.60 ,$199.41 
6/14/2021,$205.90 ,61271946,$204.08 ,$208.50 ,$203.06 
6/11/2021,$203.30 ,48615905,$203.41 ,$204.19 ,$200.51 
6/10/2021,$203.37 ,71758837,$201.29 ,$205.53 ,$200.17 
6/9/2021,$199.59 ,49753715,$200.72 ,$203.93 ,$199.21 
6/8/2021,$201.20 ,78160238,$207.67 ,$207.70 ,$198.50 
6/7/2021,$201.71 ,67631047,$197.28 ,$203.33 ,$194.29 
6/4/2021,$199.68 ,72110707,$193.24 ,$200.20 ,$192.40 
6/3/2021,$190.95 ,90335679,$200.60 ,$201.52 ,$190.41 
6/2/2021,$201.71 ,69908347,$206.71 ,$207.79 ,$199.71 
6/1/2021,$207.97 ,54254675,$209.27 ,$211.27 ,$206.85 
5/28/2021,$208.41 ,68211127,$209.50 ,$211.86 ,$207.46 
5/27/2021,$210.28 ,79111778,$206.75 ,$210.38 ,$205.40 
5/26/2021,$206.38 ,85917939,$202.52 ,$208.72 ,$200.50 
5/25/2021,$201.56 ,84017798,$202.44 ,$204.66 ,$198.57 
5/24/2021,$202.15 ,103674280,$193.87 ,$204.83 ,$191.22 
5/21/2021,$193.63 ,78091808,$198.70 ,$198.89 ,$193.33 
5/20/2021,$195.59 ,92463369,$191.67 ,$196.28 ,$190.36 
5/19/2021,$187.82 ,118735212,$184.18 ,$188.74 ,$182.33 
5/18/2021,$192.62 ,110491721,$189.33 ,$198.75 ,$187.79 
5/17/2021,$192.28 ,96743410,$191.85 ,$196.58 ,$187.07 
5/14/2021,$196.58 ,100112590,$194.47 ,$197.62 ,$190.15 
5/13/2021,$190.56 ,132554773,$200.52 ,$202.15 ,$186.55 
5/12/2021,$196.63 ,101470960,$200.83 ,$206.80 ,$195.59 
5/11/2021,$205.73 ,139511714,$199.75 ,$209.03 ,$198.53 
5/10/2021,$209.68 ,94177269,$221.63 ,$221.68 ,$209.20 
5/7/2021,$224.12 ,70407517,$221.93 ,$230.00 ,$220.07 
5/6/2021,$221.18 ,83353868,$226.92 ,$227.01 ,$216.67 
5/5/2021,$223.65 ,65705677,$227.02 ,$228.43 ,$222.45 
5/4/2021,$224.53 ,89217969,$226.31 ,$227.82 ,$219.23 
5/3/2021,$228.30 ,81129428,$234.60 ,$235.33 ,$226.83 
4/30/2021,$236.48 ,122276172,$222.53 ,$238.49 ,$222.05 
4/29/2021,$225.67 ,86536359,$233.17 ,$234.08 ,$222.83 
4/28/2021,$231.47 ,66813157,$232.14 ,$236.17 ,$231.20 
4/27/2021,$234.91 ,88311009,$239.32 ,$241.33 ,$234.45 
4/26/2021,$246.07 ,93115509,$247.00 ,$249.77 ,$244.20 
4/23/2021,$243.13 ,85241679,$239.93 ,$245.79 ,$238.49 
4/22/2021,$239.90 ,106770791,$247.17 ,$251.26 ,$239.35 
4/21/2021,$248.04 ,93646539,$234.92 ,$248.28 ,$232.67 
4/20/2021,$239.66 ,106827131,$239.14 ,$245.75 ,$236.90 
4/19/2021,$238.21 ,119058702,$239.87 ,$241.80 ,$230.60 
4/16/2021,$246.59 ,83938598,$242.88 ,$249.80 ,$241.53 
4/15/2021,$246.28 ,83546708,$247.70 ,$247.90 ,$240.44 
4/14/2021,$244.08 ,147052305,$256.90 ,$260.26 ,$242.68 
4/13/2021,$254.11 ,133958443,$237.57 ,$254.33 ,$236.89 
4/12/2021,$233.99 ,87407019,$228.57 ,$234.93 ,$227.36 
4/9/2021,$225.67 ,64311276,$225.92 ,$226.99 ,$223.14 
4/8/2021,$227.93 ,71772997,$225.79 ,$229.85 ,$223.88 
4/7/2021,$223.66 ,78928298,$229.00 ,$230.46 ,$222.61 
4/6/2021,$230.54 ,84815528,$230.10 ,$232.18 ,$227.12 
4/5/2021,$230.35 ,125528323,$235.90 ,$236.05 ,$228.23 
4/1/2021,$220.58 ,105895151,$229.46 ,$230.81 ,$219.81 
3/31/2021,$222.64 ,100011880,$215.54 ,$224.00 ,$213.70 
3/30/2021,$211.87 ,118297092,$200.58 ,$212.55 ,$197.00 
3/29/2021,$203.76 ,85910979,$205.21 ,$205.49 ,$198.67 
3/26/2021,$206.24 ,101558500,$213.96 ,$214.61 ,$199.96 
3/25/2021,$213.46 ,117674562,$204.33 ,$215.17 ,$203.17 
3/24/2021,$210.09 ,101385520,$222.64 ,$222.67 ,$210.04 
3/23/2021,$220.72 ,91475619,$225.26 ,$225.93 ,$219.17 
3/22/2021,$223.33 ,118536672,$228.20 ,$233.21 ,$222.92 
3/19/2021,$218.29 ,128681953,$215.53 ,$219.08 ,$208.21 
3/18/2021,$217.72 ,100107070,$228.10 ,$229.74 ,$217.33 
3/17/2021,$233.94 ,121117362,$218.96 ,$234.58 ,$217.00 
3/16/2021,$225.63 ,96587020,$234.45 ,$235.97 ,$223.67 
3/15/2021,$235.98 ,88270449,$231.36 ,$237.73 ,$228.01 
3/12/2021,$231.24 ,100751530,$223.33 ,$231.63 ,$222.05 
3/11/2021,$233.20 ,108761681,$233.13 ,$234.17 ,$225.73 
3/10/2021,$222.69 ,181817028,$233.43 ,$239.28 ,$218.35 
3/9/2021,$224.53 ,202570010,$202.73 ,$226.03 ,$198.40 
3/8/2021,$187.67 ,155360896,$200.18 ,$206.71 ,$186.26 
3/5/2021,$199.32 ,268189407,$208.69 ,$209.28 ,$179.83 
3/4/2021,$207.15 ,197758610,$218.60 ,$291.31 ,$200.00 
3/3/2021,$217.73 ,90623889,$229.33 ,$233.57 ,$217.24 
3/2/2021,$228.81 ,71196487,$239.43 ,$240.37 ,$228.33 
3/1/2021,$239.48 ,81408728,$230.04 ,$290.67 ,$228.35 
2/26/2021,$225.17 ,123267522,$233.33 ,$235.57 ,$219.84 
2/25/2021,$227.41 ,117071592,$242.05 ,$245.74 ,$223.53 
2/24/2021,$247.34 ,110300861,$237.28 ,$248.33 ,$231.39 
2/23/2021,$232.95 ,199820660,$220.71 ,$237.87 ,$206.33 
2/22/2021,$238.17 ,111809171,$254.21 ,$256.17 ,$236.73 
2/19/2021,$260.43 ,56874786,$265.00 ,$265.60 ,$259.12 
2/18/2021,$262.46 ,53871185,$260.30 ,$264.90 ,$258.76 
2/17/2021,$266.05 ,78236708,$259.70 ,$266.61 ,$254.00 
2/16/2021,$265.41 ,59406966,$272.67 ,$273.67 ,$264.15 
2/12/2021,$272.04 ,71304937,$267.09 ,$272.44 ,$261.78 
2/11/2021,$270.55 ,64868256,$270.81 ,$276.63 ,$267.24 
2/10/2021,$268.27 ,108648281,$281.21 ,$281.61 ,$266.67 
2/9/2021,$283.15 ,45472955,$285.04 ,$286.60 ,$280.58 
2/8/2021,$287.81 ,60485166,$289.89 ,$292.59 ,$284.92 
2/5/2021,$284.08 ,55699926,$281.67 ,$288.26 ,$279.66 
2/4/2021,$283.33 ,47437985,$285.00 ,$285.50 ,$277.81 
2/3/2021,$284.90 ,55030536,$292.34 ,$292.69 ,$284.35 
2/2/2021,$290.93 ,73038637,$281.56 ,$293.50 ,$280.73 
2/1/2021,$279.94 ,76174178,$271.43 ,$280.67 ,$265.19 
1/29/2021,$264.51 ,104972260,$276.67 ,$280.80 ,$260.03 
1/28/2021,$278.48 ,79134158,$273.33 ,$282.67 ,$267.00 
1/27/2021,$288.05 ,82001888,$290.12 ,$297.17 ,$286.22 
1/26/2021,$294.36 ,69394807,$297.13 ,$298.63 ,$290.53 
1/25/2021,$293.60 ,123520212,$285.00 ,$300.13 ,$279.61 
1/22/2021,$282.21 ,60199506,$278.10 ,$282.67 ,$276.21 
1/21/2021,$281.66 ,61794396,$285.00 ,$285.24 ,$280.47 
1/20/2021,$283.48 ,76997648,$286.25 ,$286.50 ,$279.09 
1/19/2021,$281.52 ,76100948,$279.27 ,$283.33 ,$277.67 
1/15/2021,$275.39 ,116332812,$284.00 ,$286.63 ,$273.03 
1/14/2021,$281.67 ,93798999,$281.13 ,$287.67 ,$279.58 
1/13/2021,$284.80 ,99937510,$284.25 ,$286.82 ,$277.33 
1/12/2021,$283.15 ,138812174,$277.00 ,$289.33 ,$275.78 
1/11/2021,$270.40 ,178662468,$283.13 ,$284.81 ,$267.87 
1/8/2021,$293.34 ,225166613,$285.33 ,$294.83 ,$279.46 
1/7/2021,$272.01 ,154496865,$259.21 ,$272.33 ,$258.40 
1/6/2021,$251.99 ,134099923,$252.83 ,$258.00 ,$249.70 
1/5/2021,$245.04 ,96735520,$241.22 ,$246.95 ,$239.73 
1/4/2021,$243.26 ,145914585,$239.82 ,$248.16 ,$239.06 
,,,,,
,,,,,
,,,,,
,,,,,
,,,,,
,,,,,
,,,,,
,,,,,
,,,,,
,,,,,
,,,,,
,,,,,
,,,,,
,,,,,
,,,,,
,,,,,
,,,,,
,,,,,
,,,,,
,,,,,
,,,,,
,,,,,
,,,,,
,,,,,
,,,,,
,,,,,
,,,,,
,,,,,
,,,,,
,,,,,
,,,,,
,,,,,
,,,,,
,,,,,
,,,,,
,,,,,
,,,,,
